feature,importance
glucose,0.8664436096041371
systolic_bp,0.4573042898543702
physical_activity_level,0.4492717991107753
age,0.1543596929418646
cholesterol,0.06551822627282385
bmi,0.011816880734421574
