feature,mutual_info
glucose,0.05716542093824395
cholesterol,0.03314670675938736
systolic_bp,0.0165413992240373
bmi,0.010281025941555777
physical_activity_level,0.006292702191322164
age,0.00511851041978284
